SKU,Name,Bedrooms,Baths,Club House,Gym,Swimming Pool,Security,CCTV,Reception Area,Parking Area,Source
CD65000082A4B26PH,WESTWIND AT LANCASTER NEW CITY,1,1,0,0,1,0,0,0,1,https://www.lamudi.com.ph/new-developments/westwind-at-lancaster-new-city/1br-low-rise-condo-unit-for-sale-in-kawit-cavite-w-170417444982/
CD65F2D2FB2808EPH,AVIANA,1,1,1,2,1,1,1,2,0,https://www.lamudi.com.ph/new-developments/aviana/studio-unit-2f-condo-unit-for-sale-in-bucandala-iv-171046433748/
CD66475144385A7PH,ONE LANCASTER PARK,1,0,1,1,1,1,1,1,1,https://www.lamudi.com.ph/projects/one-lancaster-park/prime-pre-selling-condo-units-in-cavite-for-as-low-171595087550/
CD65D7FFD5AEFFEPH,GARDEN CITY,1,1,1,1,1,1,1,2,1,https://www.lamudi.com.ph/new-developments/garden-city-1/1br-condo-unit-for-sale-in-bacoor-cavite-at-garden-170865781646/
CD65D7FFCF00BF3PH,GARDEN CITY,1,1,1,1,1,1,1,2,1,https://www.lamudi.com.ph/new-developments/garden-city-1/studio-condo-unit-for-sale-in-bacoor-cavite-at-gar-170865781478/
CD65D7FFD38C1AEPH,GARDEN CITY,3,3,1,1,1,1,1,2,1,https://www.lamudi.com.ph/new-developments/garden-city-1/3br-condo-unit-for-sale-in-bacoor-cavite-at-garden-170865781968/
CD65E5A27A6F70DPH,AVIANA,1,1,1,2,1,1,1,2,0,https://www.lamudi.com.ph/new-developments/aviana/1-bedroom-gf-condo-unit-for-sale-in-bucandala-iv-i-171046365519/
CD65F2D2FBE15BEPH,AVIANA,1,1,1,2,1,1,1,2,0,https://www.lamudi.com.ph/new-developments/aviana/1-bedroom-5f-condo-unit-for-sale-in-bucandala-iv-i-171046433768/
CD650000873C4E3PH,WESTWIND AT LANCASTER NEW CITY,1,1,0,0,1,0,0,0,1,https://www.lamudi.com.ph/new-developments/westwind-at-lancaster-new-city/1br-w-balcony-low-rise-condo-unit-for-sale-in-kawi-170417444580/
CD65F2D2FC6E6F7PH,AVIANA,1,1,1,2,1,1,1,2,0,https://www.lamudi.com.ph/new-developments/aviana/1-bedroom-6f-condo-unit-for-sale-in-bucandala-iv-i-171046433567/
CD5F6C191EBB985PH,SERIN EAST TAGAYTAY,2,2,2,1,1,1,0,1,2,https://www.lamudi.com.ph/new-developments/serin-east-tagaytay/2-bedroom-condo-unit-for-sale-at-serin-east-tagayt-168180888257/
CD650000812BDC1PH,WESTWIND AT LANCASTER NEW CITY,1,1,0,0,1,0,0,0,1,https://www.lamudi.com.ph/new-developments/westwind-at-lancaster-new-city/1br-w-balcony-low-rise-condo-unit-for-sale-in-imus-170417444748/
CD65F2D2FBF055CPH,AVIANA,1,1,1,2,1,1,1,2,0,https://www.lamudi.com.ph/new-developments/aviana/1-bedroom-5f-condo-unit-for-sale-in-bucandala-iv-i-171046433857/
CD65F2D2FC4D075PH,AVIANA,1,1,1,2,1,1,1,2,0,https://www.lamudi.com.ph/new-developments/aviana/studio-unit-5f-condo-unit-for-sale-in-bucandala-iv-17104643356/
CD64A28DC9A8927PH,GARDEN CITY,1,1,1,1,1,1,1,2,1,https://www.lamudi.com.ph/new-developments/garden-city-1/executive-studio-condo-unit-for-sale-in-bacoor-cav-170859542738/
CD6503D3F473AB1PH,GARDEN CITY,1,1,1,1,1,1,1,2,1,https://www.lamudi.com.ph/new-developments/garden-city-1/executive-studio-condo-unit-for-sale-in-bacoor-cav-170859543213/
CD64A28DCE3AA4DPH,GARDEN CITY,2,2,1,1,1,1,1,2,1,https://www.lamudi.com.ph/new-developments/garden-city-1/2br-condo-unit-for-sale-in-bacoor-cavite-at-garden-170859375168/
CD65D7FFCEF0A3FPH,GARDEN CITY,2,2,1,1,1,1,1,2,1,https://www.lamudi.com.ph/new-developments/garden-city-1/2br-condo-unit-for-sale-in-bacoor-cavite-at-garden-170865781770/
CD657002BE32007PH,GARDEN CITY,2,2,1,1,1,1,1,2,1,https://www.lamudi.com.ph/new-developments/garden-city-1/for-sale-2br-condo-unit-in-bacoor-cavite-at-garden-170859542937/
CD657002BE064F2PH,GARDEN CITY,1,1,1,1,1,1,1,2,1,https://www.lamudi.com.ph/new-developments/garden-city-1/executive-studio-condo-unit-for-sale-in-bacoor-cav-170859542665/
CD5F6C191E463C9PH,SERIN EAST TAGAYTAY,1,1,2,1,1,1,0,2,3,https://www.lamudi.com.ph/new-developments/serin-east-tagaytay/1-bedroom-condo-unit-for-sale-at-serin-east-tagayt-168180888134/
CD6500021EA3A76PH,WESTWIND AT LANCASTER NEW CITY,1,1,0,0,1,0,0,0,1,https://www.lamudi.com.ph/new-developments/westwind-at-lancaster-new-city/studio-low-rise-condo-unit-for-sale-in-kawit-cavit-170417445387/
CD65E5A27A15EC8PH,AVIANA,1,1,1,2,1,1,1,2,0,https://www.lamudi.com.ph/new-developments/aviana/1-bedroom-gf-condo-unit-for-sale-in-bucandala-iv-i-171046365728/
CD657002B68155BPH,GARDEN CITY,1,1,1,1,1,1,1,2,1,https://www.lamudi.com.ph/new-developments/garden-city-1/studio-condo-unit-for-sale-in-bacoor-cavite-at-gar-170859543515/
CD6503D3FA5C37APH,GARDEN CITY,2,2,1,1,1,1,1,2,1,https://www.lamudi.com.ph/new-developments/garden-city-1/executive-2br-condo-unit-for-sale-in-bacoor-cavite-170859542960/
CD6503D3F7CDEBFPH,GARDEN CITY,2,2,1,1,1,1,1,2,1,https://www.lamudi.com.ph/new-developments/garden-city-1/for-sale-executive-2br-condo-unit-in-bacoor-cavite-170859542351/
CD64A28B5BF2DC7PH,GARDEN CITY,1,1,1,1,1,1,1,2,1,https://www.lamudi.com.ph/new-developments/garden-city-1/studio-condo-unit-for-sale-in-bacoor-cavite-at-gar-170859374553/
CD64C24798E1634PH,WESTWIND AT LANCASTER NEW CITY,1,1,0,0,1,0,0,0,1,https://www.lamudi.com.ph/new-developments/westwind-at-lancaster-new-city/1br-low-rise-condo-unit-for-sale-in-general-trias-170417444696/
CD64FFFD5A8A831PH,WESTWIND AT LANCASTER NEW CITY,1,1,0,0,1,0,0,0,1,https://www.lamudi.com.ph/new-developments/westwind-at-lancaster-new-city/studio-low-rise-condo-unit-for-sale-in-imus-cavite-170417444872/
CD65D7FFD1419C4PH,GARDEN CITY,1,1,1,1,1,1,1,2,1,https://www.lamudi.com.ph/new-developments/garden-city-1/studio-condo-unit-for-sale-in-bacoor-cavite-at-gar-170865782559/
CD657002C0F0C5BPH,GARDEN CITY,1,1,1,1,1,1,1,2,1,https://www.lamudi.com.ph/new-developments/garden-city-1/executive-studio-condo-unit-for-sale-in-bacoor-cav-170859543045/
CD65D7FFD7976FCPH,GARDEN CITY,2,2,1,1,1,1,1,2,1,https://www.lamudi.com.ph/new-developments/garden-city-1/2br-condo-unit-for-sale-in-bacoor-cavite-at-garden-170865781294/
CD64C245F53EE2EPH,WESTWIND AT LANCASTER NEW CITY,1,1,0,0,1,0,0,0,1,https://www.lamudi.com.ph/new-developments/westwind-at-lancaster-new-city/studio-low-rise-condo-unit-for-sale-in-general-tri-170417444786/
CD65000214C0BE0PH,WESTWIND AT LANCASTER NEW CITY,1,1,0,0,1,0,0,0,1,https://www.lamudi.com.ph/new-developments/westwind-at-lancaster-new-city/1br-low-rise-condo-unit-for-sale-in-imus-cavite-we-170417444571/
CD65F2D2FCD1E58PH,AVIANA,1,1,1,2,1,1,1,2,0,https://www.lamudi.com.ph/new-developments/aviana/1-bedroom-2f-condo-unit-for-sale-in-bucandala-iv-i-171046433475/
CD65F2D2FB9C1A5PH,AVIANA,1,1,1,2,1,1,1,2,0,https://www.lamudi.com.ph/new-developments/aviana/studio-unit-3f-condo-unit-for-sale-in-bucandala-iv-17104643396/
CD65F2D2FB20212PH,AVIANA,1,1,1,2,1,1,1,2,0,https://www.lamudi.com.ph/new-developments/aviana/studio-unit-7f-condo-unit-for-sale-in-bucandala-iv-171046433924/
CD65D7FFD161F40PH,GARDEN CITY,3,3,1,1,1,1,1,2,1,https://www.lamudi.com.ph/new-developments/garden-city-1/3br-condo-unit-for-sale-in-bacoor-cavite-at-garden-170865781285/
CD64A28DD2B8FE6PH,GARDEN CITY,2,2,1,1,1,1,1,2,1,https://www.lamudi.com.ph/new-developments/garden-city-1/executive-2br-condo-unit-for-sale-in-bacoor-cavite-170859542768/
CD6503D3F7A52A5PH,GARDEN CITY,2,2,1,1,1,1,1,2,1,https://www.lamudi.com.ph/new-developments/garden-city-1/2br-condo-unit-for-sale-in-bacoor-cavite-garden-ci-170859543293/
CD6503D3FD57948PH,GARDEN CITY,1,1,1,1,1,1,1,2,1,https://www.lamudi.com.ph/new-developments/garden-city-1/for-sale-studio-condo-unit-in-bacoor-cavite-at-gar-170859543553/
CD65D7FFD34F8B9PH,GARDEN CITY,1,1,1,1,1,1,1,2,1,https://www.lamudi.com.ph/new-developments/garden-city-1/1br-condo-unit-for-sale-in-bacoor-cavite-at-garden-170865782231/
CD657002BB7EF84PH,GARDEN CITY,1,1,1,1,1,1,1,2,1,https://www.lamudi.com.ph/new-developments/garden-city-1/for-sale-studio-condo-unit-in-bacoor-cavite-at-gar-170859542788/
CD657002B908040PH,GARDEN CITY,2,2,1,1,1,1,1,2,1,https://www.lamudi.com.ph/new-developments/garden-city-1/2br-condo-unit-for-sale-in-bacoor-cavite-at-garden-170859542368/
CD657002B8EB1C3PH,GARDEN CITY,1,1,1,1,1,1,1,2,1,https://www.lamudi.com.ph/new-developments/garden-city-1/studio-condo-unit-for-sale-in-bacoor-cavite-garden-170859542871/
CD657002B683CDBPH,GARDEN CITY,1,1,1,1,1,1,1,2,1,https://www.lamudi.com.ph/new-developments/garden-city-1/for-sale-executive-studio-condo-unit-in-bacoor-cav-170859542391/
CD64C248C73EED7PH,WESTWIND AT LANCASTER NEW CITY,1,1,0,0,1,0,0,0,1,https://www.lamudi.com.ph/new-developments/westwind-at-lancaster-new-city/1br-w-balcony-low-rise-condo-unit-for-sale-in-gene-170417445052/
CD65F2D2FB8D26BPH,AVIANA,1,1,1,2,1,1,1,2,0,https://www.lamudi.com.ph/new-developments/aviana/1-bedroom-4f-condo-unit-for-sale-in-bucandala-iv-i-17104643380/
CD65F2D2FC015F3PH,AVIANA,1,1,1,2,1,1,1,2,0,https://www.lamudi.com.ph/new-developments/aviana/studio-unit-4f-condo-unit-for-sale-in-bucandala-iv-171046433590/
CD65F2D2FC46CBCPH,AVIANA,1,1,1,2,1,1,1,2,0,https://www.lamudi.com.ph/new-developments/aviana/1-bedroom-6f-condo-unit-for-sale-in-bucandala-iv-i-171046433576/
CD65F2D2FCAA7F9PH,AVIANA,1,1,1,2,1,1,1,2,0,https://www.lamudi.com.ph/new-developments/aviana/studio-unit-6f-condo-unit-for-sale-in-bucandala-iv-171046433781/
CD65F2D2FB8DF2CPH,AVIANA,1,1,1,2,1,1,1,2,0,https://www.lamudi.com.ph/new-developments/aviana/1-bedroom-2f-condo-unit-for-sale-in-bucandala-iv-i-171046433951/
CD65E54678E5B3FPH,AVIANA,1,1,1,2,1,1,1,2,0,https://www.lamudi.com.ph/new-developments/aviana/studio-unit-gf-condo-unit-for-sale-in-bucandala-iv-171046366076/
CD65F2D2FB252F2PH,AVIANA,1,1,1,2,1,1,1,2,0,https://www.lamudi.com.ph/new-developments/aviana/1-bedroom-3f-condo-unit-for-sale-in-bucandala-iv-i-171046433848/
CD5F6C191E83C06PH,SERIN EAST TAGAYTAY,1,1,2,2,1,1,0,2,3,https://www.lamudi.com.ph/new-developments/serin-east-tagaytay/studio-condo-unit-for-sale-at-serin-east-tagaytay-171715459357/
CD6503D3F0D82CCPH,GARDEN CITY,1,1,1,1,1,1,1,2,1,https://www.lamudi.com.ph/new-developments/garden-city-1/for-sale-executive-studio-condo-unit-in-bacoor-cav-170859542313/
CD657002BBD964APH,GARDEN CITY,2,2,1,1,1,1,1,2,1,https://www.lamudi.com.ph/new-developments/garden-city-1/2br-condo-unit-for-sale-in-bacoor-cavite-garden-ci-17085954248/
,0,0,0,0,0,0,0,0,0,0,
CD6614A37C19250PH,SERIN EAST TAGAYTAY,1,1,2,3,2,1,1,2,4,https://www.lamudi.com.ph/buy/cavite/tagaytay/1-bedrooms-1-toilets-condotel-brand-new-unit-in-ea-17182096139/
CD64A04C394643FPH,GREEN 2 RESIDENCES,1,1,0,1,1,1,1,1,2,https://www.lamudi.com.ph/projects/green-2-residences/studio-non-vat-unit-for-sale-at-green-residences-2-172066166499/
CD6191C21CD16A1PH,ALEA RESIDENCES,2,1,0,1,1,1,1,2,3,https://www.lamudi.com.ph/projects/alea-residences/alea-residences-bacoor-2-bedroom-unit-rush-sale-ne-171213553644/
CD664C145B80E04PH,THE ONE TAGAYTAY,1,1,0,3,1,1,1,2,3,https://www.lamudi.com.ph/projects/one-tagaytay-place-hotel-suites/condotel-unit-for-sale-in-one-tagatay-171636560895/
CD669E00EF15189PH,WIND RESIDENCES,1,1,2,0,1,1,0,1,0,https://www.lamudi.com.ph/buy/cavite/tagaytay/for-sale-1-bedroom-condominum-fully-furnished-at-s-172163095955/
CD665B12458372BPH,SERIN EAST TAGAYTAY,1,1,0,0,1,1,0,1,0,https://www.lamudi.com.ph/buy/cavite/tagaytay/tagaytay-condo-ayala-serin-east-rush-sale-pasalo-171724448547/
CD6635E902EF8DEPH,ALPINE VILLAS,1,1,2,0,1,1,1,1,1,https://www.lamudi.com.ph/projects/alpine-villas/rfo-1br-68-44-sqm-condo-unit-at-alpine-villas-biel-171480909040/
CD65E5815315D46PH,CROSSWINDS,1,1,0,2,0,1,1,0,0,https://www.lamudi.com.ph/projects/crosswinds/for-sale-fully-furnished-1-bedroom-unit-at-crosswi-172233170063/
CD65C06D9D04C10PH,LA BELLA TAGAYTAY,1,0,0,0,1,1,0,0,0,https://www.lamudi.com.ph/projects/la-bella-tagaytay/tagaytay-condominium-unit-for-sale-171090984927/
CD668B92A003829PH,LAKEVIEW SUITES,3,0,1,2,1,1,1,2,2,https://www.lamudi.com.ph/buy/cavite/tagaytay/the-lakeview-resort-3bedrooms-172082245859/
CD663B5CA88A44FPH,LAMORE AT MICARA ESTATES,2,1,2,1,1,1,1,0,2,https://www.lamudi.com.ph/buy/cavite/tanza/invest-now-in-lamore-condominium-just-8k-monthly-171516637619/
CD668B93B0297E6PH,LAKEVIEW SUITES,4,0,1,1,1,1,1,1,1,https://www.lamudi.com.ph/buy/cavite/tagaytay/the-lakeview-resort-4-bedrooms-d-302-172096558262/
CD64B2430093612PH,THE WOODRIDGE AT TAGAYTAY HIGHLANDS,3,3,2,3,2,1,0,2,2,https://www.lamudi.com.ph/projects/the-woodridge-at-tagaytay-highlands/tagaytay-highlands-mountain-view-3-bedroom-condo-w-172248801430/
CD651B7C85E017BPH,WESTWIND AT LANCASTER NEW CITY,1,1,2,0,1,1,1,2,1,https://www.lamudi.com.ph/buy/cavite/general-trias/low-rise-condominium-inside-lancaster-cavite-for-s-169641441073/
CD663C89D6242CDPH,WOODRIDGE PLACE AT TAGAYTAY HIGHLANDS,4,4,0,0,0,1,0,0,0,https://www.lamudi.com.ph/projects/woodridge-place-at-tagaytay-highlands/4-bedroom-4-br-condo-unit-for-sale-in-woodridge-pl-171595940813/
CD65FA62CEE7976PH,WOODRIDGE PLACE AT TAGAYTAY HIGHLANDS,3,4,2,2,1,1,1,0,1,https://www.lamudi.com.ph/projects/woodridge-place-at-tagaytay-highlands/3-bedroom-penthouse-unit-for-sale-in-woodridge-tag-17109081109/
HO5F3214BC0896BPH,AMARIS HOMES - BACOOR,1,0,0,0,0,0,0,0,0,https://www.lamudi.com.ph/projects/amaris-homes-bacoor-1/l-th-1-156-acquired-property-for-sale-in-lots-18-20-block-32-road-lot-33-amaris-homes-brgy-molino-bacoor-city-cavite-retail/
CD66614E0CA448CPH,HORIZON TERRACES,1,1,2,1,1,1,1,0,4,https://www.lamudi.com.ph/buy/cavite/tagaytay/1-br-rfo-with-taal-view-171765300481/
CD64E425B1B8A49PH,HOPE RESIDENCES,1,1,0,1,1,1,1,1,0,https://www.lamudi.com.ph/projects/hope-residences/flexi-suite-unit-for-sale-at-hope-residences-in-tr-169267345764/
CD63BD57F1C8EB7PH,WIND RESIDENCES,0,0,0,0,1,1,0,0,0,https://www.lamudi.com.ph/buy/cavite/tagaytay/l-r-2-67-acquired-property-condo-for-sale-in-unit-167335320197/
CD667D3E4DD5CA2PH,ONE LANCASTER PARK,2,1,1,0,1,1,1,1,2,https://www.lamudi.com.ph/buy/cavite/imus/p17k-90-17194839818/
CD66A6B28109D80PH,WESTWIND AT LANCASTER NEW CITYY,1,1,2,1,1,1,1,0,3,https://www.lamudi.com.ph/buy/cavite/general-trias/pre-selling-westwind-at-lancaster-gentri-cavite-st-172220070579/
CD66A227602B3B6PH,SENTRIA STOREY VERMOSA,1,1,0,0,0,0,0,0,0,https://www.lamudi.com.ph/buy/cavite/imus/1-br-condo-w-balcony-sentria-vermosa-cavite-ayalam-172190294410/
CD66A9F61674D52PH,SERIN EAST TAGAYTAY,1,1,0,0,0,0,0,0,0,https://www.lamudi.com.ph/buy/cavite/tagaytay/live-every-day-like-a-vacation-at-serin-east-tagay-172241461493/
CD66A9492B5BF91PH,0,1,1,0,0,0,0,0,0,0,https://www.lamudi.com.ph/buy/cavite/tagaytay/serin-east-tagaytay-where-tranquility-meets-ayala-172237034738/
CD64D8A7A826E3APH,KASA LUNTIAN,1,1,0,0,0,1,1,0,2,https://www.lamudi.com.ph/projects/kasa-luntian-1/condo-studio-unit-for-sale-at-kasa-luntian-tagayta-171222453034/
CD65C9CAC928BDAPH,WIND RESIDENCES,1,0,0,0,1,1,0,0,0,https://www.lamudi.com.ph/buy/cavite/tagaytay/l-r-2-87-acquired-property-condo-for-sale-in-unit-170772346545/
CD66A21E6C53612PH,0,1,1,0,0,0,0,0,0,0,https://www.lamudi.com.ph/buy/cavite/imus/sentria-storey-vermosa-campus-town-near-de-la-sall-172190065239/
CD66A94382EE62DPH,SENTRIA STOREY VERMOSA,1,1,0,0,1,1,0,0,0,https://www.lamudi.com.ph/buy/cavite/imus/1bedroom-setria-storey-vermosa-condo-inside-vermos-172236889836/
CD65E43ED335C4FPH,SERIN EAST TAGAYTAY,1,1,2,1,1,0,0,2,0,https://www.lamudi.com.ph/buy/cavite/tagaytay/pre-selling-one-bedroom-in-serin-east-tagaytay-tow-171893422840/
CD629AF734E914FPH,TERRACES AT TRADIZO,2,1,2,0,1,1,1,1,1,https://www.lamudi.com.ph/projects/terraces-at-tradizo/for-sale-rfo-2br-condo-unit-in-imus-cavite-near-aguinaldo-highway-daanghari/
CD65C9EB73B52DCPH,WIND RESIDENCES,0,0,0,0,1,1,0,0,0,https://www.lamudi.com.ph/buy/cavite/tagaytay/l-r-2-85-acquired-property-condo-for-sale-in-unit-170773182742/
CD63BD57F06E2BBPH,WIND RESIDENCES,0,0,0,0,1,1,0,0,0,https://www.lamudi.com.ph/buy/cavite/tagaytay/l-r-2-69-acquired-property-condo-for-sale-in-unit-167335320049/
CD6561D135A6E07PH,WIND RESIDENCES,3,0,1,1,0,0,1,0,1,https://www.lamudi.com.ph/projects/wind-residences/sale-tagaytay-penthouse-with-a-view-of-the-taal-la-171259052499/
CD64B3E96B6619EPH,ALPINE VILLAS,1,0,0,0,0,1,1,1,1,https://www.lamudi.com.ph/projects/alpine-villas/luxury-leisure-property-in-tagaytay-city-1br-with-17007100062/
CD65C9CAC7B62A9PH,SERIN WEST TAGAYTAY,1,0,0,0,1,1,0,0,0,https://www.lamudi.com.ph/buy/cavite/tagaytay/l-r-2-86-acquired-property-condo-for-sale-in-unit-170772346399/
CD63BD57F122EA3PH,WIND RESIDENCES,0,0,0,0,1,1,0,0,0,https://www.lamudi.com.ph/buy/cavite/tagaytay/l-r-2-66-acquired-property-condo-for-sale-in-unit-167335320196/
CD66A6877668FF2PH,ZEAL RESIDENCES,1,1,2,0,1,1,1,1,2,https://www.lamudi.com.ph/buy/cavite/general-trias/pre-selling-smdc-zeal-condo-unit-across-robinsons-172218968674/
CD665A8DE874F3CPH,LAMORE AT MICARA ESTATES,1,1,1,0,1,1,1,2,1,https://www.lamudi.com.ph/buy/cavite/general-trias/preselling-affordable-1br-28-38-sqm-lamore-condo-v-17172106001/
CD664C3955E5079PH,SERIN EAST TAGAYTAY,1,1,0,0,0,1,0,0,0,https://www.lamudi.com.ph/buy/cavite/tagaytay/serin-east-tagaytay-rfo-pre-selling-condominium-re-17180333910/
CD66544BC7E4776PH,0,1,0,0,0,1,1,0,0,0,https://www.lamudi.com.ph/buy/cavite/trece-martires/flexi-suite-unit-convertible-to-1br-or-2br-171680045598/
CD669FA50A3DCEEPH,SERIN EAST TAGAYTAY,1,1,0,0,1,1,0,1,0,https://www.lamudi.com.ph/buy/cavite/tagaytay/executive-studio-with-balcony-for-sale-in-tagaytay-172173850638/
CD66888D0E25172PH,THE WOODRIDGE AT TAGAYTAY HIGHLANDS,4,4,0,0,1,1,0,0,0,https://www.lamudi.com.ph/buy/cavite/tagaytay/4-bedroom-unit-in-tagaytay-172022503820/
CD604229D5A07F7PH,HORIZON TERRACES,2,2,2,3,2,1,1,2,4,https://www.lamudi.com.ph/projects/horizon-terraces/65-sqm-condo-for-sale-in-tagaytay-highlands-172261282971/
CD64B0A15141EC3PH,WIND RESIDENCES,1,1,2,3,2,1,1,0,3,https://www.lamudi.com.ph/projects/wind-residences/studio-with-balcony-facing-taal-lake-168929723353/
CD6685D72A7E09EPH,JADE RESIDENCES,1,1,0,0,1,1,1,2,0,https://www.lamudi.com.ph/buy/cavite/imus/your-future-space-1br-unit-at-jade-residences-chin-172004740212/
CD64FE8AA18DFCFPH,ALPINE VILLAS,1,1,0,0,1,1,0,1,1,https://www.lamudi.com.ph/projects/alpine-villas/cozy-studio-unit-for-sale-at-alpine-villa-crosswin-169490663523/
CD6624C2E72BDD0PH,HORIZON TERRACES,1,1,2,2,2,1,1,2,4,https://www.lamudi.com.ph/projects/horizon-terraces/tagaytay-highlands-condo-project-for-sale-171368522338/
CD663A45CBBCE0EPH,KASA LUNTIAN,1,1,1,0,1,1,0,0,2,https://www.lamudi.com.ph/buy/cavite/tagaytay/1-bedroom-unit-in-kasa-luntian-ayala-land-property-171509498780/
CD64A7B4140CB2DPH,ZEAL RESIDENCES,1,1,0,0,1,1,0,0,1,https://www.lamudi.com.ph/projects/zeal-residences/for-sale-1-bedroom-condo-unit-at-zeal-residences-i-168871221264/
CD6592D77D19BD7PH,WOODRIDGE PLACE AT TAGAYTAY HIGHLANDS,3,4,1,0,0,1,0,2,1,https://www.lamudi.com.ph/projects/woodridge-place-at-tagaytay-highlands/penthouse-woodridge-mahogany-building-tagaytay-hig-172156034370/
CD65713FD1D9F6APH,HIGHLANDS RESIDENCES,1,1,0,0,1,0,0,1,1,https://www.lamudi.com.ph/projects/highlands-residences/1-bedroom-terrace-floor-for-sale-at-highlands-resi-170222312030/
CD642410E9B0E75PH,FULLERTON SUITES,1,1,2,0,1,1,1,1,2,https://www.lamudi.com.ph/projects/fullerton-suites-1/for-sale-studio-unit-at-south-forbes-fullerton-sui-169520134446/
CD603CC97701538PH,HORIZON TERRACES,1,1,1,2,0,0,0,1,0,https://www.lamudi.com.ph/projects/horizon-terraces/taal-view-and-mountain-view-condominium-in-tagaytay-highlands-1/
CD6508C59D5EA26PH,KASA LUNTIAN,1,1,1,0,1,1,1,0,4,https://www.lamudi.com.ph/projects/kasa-luntian-1/kasa-luntian-tagaytay-1-bedroom-condominium-for-sa-172122289259/
CD6667A6A92F387PH,0,1,0,0,0,0,1,0,0,0,https://www.lamudi.com.ph/buy/cavite/tagaytay/for-sale-tagaytay-calamba-rd-crosswinds-1br-condo-171811951959/
CD6676E27E4822EPH,SERIN EAST TAGAYTAY,1,1,0,0,0,1,1,0,0,https://www.lamudi.com.ph/buy/cavite/tagaytay/studio-condominium-in-tagaytay-171906726215/
CD65694B2F0FB61PH,HIGHLANDS RESIDENCES AT TAGAYTAY HIGHLANDS,2,2,1,1,2,0,1,1,4,https://www.lamudi.com.ph/projects/highlands-residences/new-condo-project-for-sale-in-at-tagaytay-highland-170178381918/
CD6661BBC2837E6PH,WIND RESIDENCES,1,1,1,0,1,1,0,0,0,https://www.lamudi.com.ph/buy/cavite/tagaytay/wind-residences-tagaytay-condominium-for-sale-171768109078/
CD66648CD4B4490PH,ZEAL RESIDENCES,1,1,2,2,1,1,1,2,1,https://www.lamudi.com.ph/buy/cavite/general-trias/1-bedroom-condominium-unit-for-sale-in-zeal-reside-171786568476/
CD64DC456F7A344PH,WIND RESIDENCES,1,1,0,0,1,1,0,0,0,https://www.lamudi.com.ph/projects/wind-residences/wind-residences-1-bedroom-condominium-unit-for-sal-16922325266/
CD62C33271B135DPH,SERIN EAST TAGAYTAY,2,2,1,2,2,1,1,2,1,https://www.lamudi.com.ph/buy/cavite/tagaytay/2-bedroom-condo-unit-for-sale-in-avida-serin-tagay-170482337517/
CD6694B5CF52EC3PH,STANFORD SUITES,1,1,0,0,0,1,1,1,0,https://www.lamudi.com.ph/buy/cavite/silang/studio-unit-for-sale-stanford-suites-3-172120111790/
CD654B11A97BE88PH,WOODRIDGE PLACE AT TAGAYTAY HIGHLANDS,4,4,0,0,0,1,0,0,1,https://www.lamudi.com.ph/projects/woodridge-place-at-tagaytay-highlands/4-bedroom-unit-in-tagaytay-highlands-for-sale-169941853723/
CD6678EB3690DFEPH,WOODRIDGE PLACE AT TAGAYTAY HIGHLANDS,4,4,0,0,1,1,0,0,0,https://www.lamudi.com.ph/buy/cavite/tagaytay/woodridge-place-tagaytay-highlands-4br-with-2-park-171920056663/
CD62C335B24CC4EPH,SERIN WEST TAGAYTAY,1,1,1,2,2,1,1,2,1,https://www.lamudi.com.ph/projects/serin-west-tagaytay/1-bedroom-condo-unit-for-sale-in-avida-serin-tagay-170487072777/
CD665838CD188C7PH,THE GRAND QUARTIER,2,1,1,0,1,1,0,2,2,https://www.lamudi.com.ph/buy/cavite/tagaytay/discover-your-sanctuary-in-the-sky-at-grand-quarte-171705774152/
CD60CD3958DCE58PH,SERIN WEST TAGAYTAY,1,1,0,0,0,1,0,1,2,https://www.lamudi.com.ph/projects/serin-west-tagaytay/for-sale-fully-furnished-studio-condominium-unit-in-serin-west-tagaytay/
CD6653D9E23A292PH,SUNRISE HOLIDAY MANSION HOTEL,1,0,0,0,0,1,0,0,0,https://www.lamudi.com.ph/buy/cavite/alfonso/condo-unit-in-sunrise-holiday-mansion-inside-royal-17168233508/
CD654EFC898693FPH,WESTWIND AT LANCASTER NEW CITY,1,1,2,2,1,1,1,0,1,https://www.lamudi.com.ph/buy/cavite/general-trias/for-sale-westwind-condominium-at-lancaster-new-cit-17220063571/
CD62C338BC37D16PH,SERIN WEST TAGAYTAY,1,1,1,2,2,1,1,1,1,https://www.lamudi.com.ph/projects/serin-west-tagaytay/studio-unit-for-sale-in-avida-serin-tagaytay-near-168767598470/
CD65FFF6D5F3EFCPH,CROSSWINDS,1,0,0,0,0,1,0,2,0,https://www.lamudi.com.ph/projects/crosswinds/1-bedroom-condominium-unit-for-sale-in-crosswinds-171127368684/
CD665D4D0F79D04PH,TAGAYTAY PRIME RESIDENCES,1,1,0,0,1,1,0,0,1,https://www.lamudi.com.ph/buy/cavite/tagaytay/1-bedroom-fully-furnished-unit-in-tagaytay-prime-r-17173906079/
CD64ADF98455D16PH,THE WOODRIDGE AT TAGAYTAY HIGHLANDS,3,2,1,0,1,1,0,0,1,https://www.lamudi.com.ph/projects/the-woodridge-at-tagaytay-highlands/3br-condo-for-sale-in-the-woodridge-place-tagaytay-168912320480/
CD6649C10CD3F0BPH,AVIANA,1,1,0,0,0,0,0,0,0,https://www.lamudi.com.ph/buy/cavite/imus/studio-unit-for-sale-near-airport-171610958085/
NO938CD54WYRINTRESPH,SERIN EAST TAGAYTAY,2,1,1,0,1,1,1,1,1,https://www.lamudi.com.ph/buy/cavite/tagaytay/2-bedroom-unit-avida-serin-tagaytay-for-sale-in-si-16780892790/
CD65EADFADEF9C1PH,GREEN 2 RESIDENCES,2,1,0,2,1,1,1,0,0,https://www.lamudi.com.ph/projects/green-2-residences/2-bedroom-unit-for-sale-in-green-2-residences-dasm-17105155878/
CD66969C941E71BPH,ALEA RESIDENCES,2,1,0,0,0,1,0,0,0,https://www.lamudi.com.ph/buy/cavite/bacoor/2-bedrooms-for-sale-in-bacoor-cavite-near-pasay-172114651652/
CD5D13482CC5570PH,STANFORD SUITES,1,1,0,0,0,1,0,0,0,https://www.lamudi.com.ph/projects/stanford-suites/semi-furnished-studio-unit-with-parking-in-stanford-suites-cavite-for-sale/
CD5DB7AC716A5B5PH,TAGAYTAY PRIME RESIDENCES,1,1,1,3,2,1,1,2,3,https://www.lamudi.com.ph/projects/tagaytay-prime-residences/studio-unit-for-sale-at-tagaytay-prime-residences-2/
CD66530DC16D913PH,THE WOODRIDGE AT TAGAYTAY HIGHLANDS,4,3,0,0,0,1,0,0,0,https://www.lamudi.com.ph/buy/cavite/tagaytay/for-sale-4br-unit-at-tagaytay-highlands-woodridge-171682356074/
CD66320AF0E5DA6PH,SERIN EAST TAGAYTAY,1,1,2,1,1,1,1,1,1,https://www.lamudi.com.ph/buy/cavite/tagaytay/lipat-agad-good-deal-special-1br-w-balcony-in-taga-171463442431/
CD6617ECA95DF8FPH,0,0,1,1,2,1,0,0,0,0,https://www.lamudi.com.ph/projects/pine-suites-tagaytay-1/ready-for-occupancy-studio-unit-for-sale-in-tagayt-171284394524/
CD6086948AF2AA2PH,PINE SUITES TAGAYTAY,2,1,2,2,1,1,0,1,2,https://www.lamudi.com.ph/projects/pine-suites-tagaytay-1/2-bedroom-condo-fully-furnished-in-pine-suites-tag-17186082919/
CD63D7754B20347PH,SERIN EAST TAGAYTAY,1,1,2,1,1,1,1,2,3,https://www.lamudi.com.ph/buy/cavite/tagaytay/preselling-studio-type-condo-unit-for-sale-in-seri-171981040123/
CD667EDBFAC6FB3PH,SERIN WEST TAGAYTAY,1,1,0,0,1,1,0,0,1,https://www.lamudi.com.ph/buy/cavite/tagaytay/rush-sale-1-bedroom-condominium-unit-in-tagaytay-c-171958988224/
CD665EBD911597FPH,TAGAYTAY PRIME RESIDENCES,1,1,0,0,0,1,0,1,1,https://www.lamudi.com.ph/buy/cavite/tagaytay/1-bedroom-fully-furnished-unit-in-tagaytay-with-ta-171748494534/
CD66657690B5B5FPH,HORIZON TERRACES,1,1,1,0,1,0,1,2,2,https://www.lamudi.com.ph/buy/cavite/tagaytay/rfo-1br-luxury-condo-for-sale-tagaytay-highlands-t-171792552057/
CD664D7EAC32711PH,KASA LUNTIAN,1,1,0,0,1,1,1,1,2,https://www.lamudi.com.ph/projects/kasa-luntian-1/1-bedroom-unit-with-balcony-kasa-luntian-tagaytay-17163547328/
CD65A4E5E77AFDCPH,KASA LUNTIAN,1,1,0,0,1,1,1,1,0,https://www.lamudi.com.ph/projects/kasa-luntian-1/for-sale-41-sqm-studio-condo-unit-at-kasa-luntian-170530557529/
CD65798FC6B386DPH,WIND RESIDENCES,1,1,2,0,1,1,0,1,1,https://www.lamudi.com.ph/projects/wind-residences/pasalo-rush-for-sale-studio-condominium-in-wind-re-171386503086/
CD66306AEE8DF27PH,WIND RESIDENCES,1,1,2,0,2,1,0,1,1,https://www.lamudi.com.ph/projects/wind-residences/condo-for-sale-1br-with-balcony-in-wind-residences-171444913425/
CD64900F012B4E4PH,SERIN EAST TAGAYTAY,2,2,1,1,1,1,1,1,0,https://www.lamudi.com.ph/buy/cavite/tagaytay/for-sale-2-bedroom-condo-unit-with-balcony-at-seri-168716262538/
CD64900C4C41635PH,SERIN EAST TAGAYTAY,1,1,1,1,1,1,1,1,0,https://www.lamudi.com.ph/buy/cavite/tagaytay/serin-east-tagaytay-1-bedroom-for-sale-in-tagaytay-168784662135/
CD65F2B82A676B4PH,ELIJAH HOTEL AND RESIDENCES,1,1,0,0,0,1,0,0,0,https://www.lamudi.com.ph/buy/cavite/dasmarinas/pre-selling-rent-to-own-studio-tupe-condominium-in-171110072438/
CD6682979C30FFAPH,MILANO,1,1,0,0,0,1,1,1,1,https://www.lamudi.com.ph/buy/cavite/bacoor/rent-to-own-condo-in-milano-bacoor-cavite-171983452462/
CD66A8FE1D29131PH,HORIZON TERRACES,1,1,0,0,0,0,0,0,0,https://www.lamudi.com.ph/buy/cavite/tagaytay/rfo-condo-in-tagaytay-highlands-172235113315/
CD6412CF543E809PH,TAGAYTAY PRIME RESIDENCES,1,1,0,0,1,1,0,0,1,https://www.lamudi.com.ph/projects/tagaytay-prime-residences/cityland-tagaytay-1br-42sqm-with-balcony-near-fora-167895432441/
CD637DBDAC52D53PH,TAGAYTAY PRIME RESIDENCES,1,2,0,0,0,1,0,1,0,https://www.lamudi.com.ph/projects/tagaytay-prime-residences/34-sqm-condo-unit-overlooking-taal-lake-for-sale-166918494012/
CD662A5090667D2PH,504,2,2,0,0,1,1,0,1,0,https://www.lamudi.com.ph/projects/la-bella-tagaytay/penthouse-at-la-bella-tagaytay-171404916820/
CD65EFEE0FADCE9PH,MILANO,1,1,0,0,0,0,1,0,0,https://www.lamudi.com.ph/projects/milano/for-sale-pre-selling-studio-condominium-in-bacoor-171022286362/
CD6638A5BAD7E65PH,ALEA RESIDENCES,2,1,1,2,0,1,1,2,2,https://www.lamudi.com.ph/projects/alea-residences/for-sale-furnished-2-bedroom-unit-with-parking-at-171498847417/
CD65B2ED7A34661PH,WOODHILLS RESIDENCES AT TAGAYTAY TROPICAL GARDENS,1,1,1,0,1,1,0,1,3,https://www.lamudi.com.ph/projects/woodhills-residences-at-tagaytay-tropical-gardens/1-br-condominium-unit-for-sale-in-gated-subdivisio-17062587020/
CD65829817ADB6DPH,WIND RESIDENCES,1,1,1,0,2,1,0,0,1,https://www.lamudi.com.ph/projects/wind-residences/rush-for-sale-1br-condominium-at-wind-residences-i-170686350190/
CD66A91E4768049PH,LA CASSIA AT MAPLE GROVE,1,1,2,1,2,1,1,2,2,https://www.lamudi.com.ph/buy/cavite/general-trias/condominium-in-general-trias-la-cassia-by-maple-gr-172235936727/
CD65C9762AB665FPH,WESTWIND AT LANCASTER NEW CITY,2,1,1,0,1,1,1,1,0,https://www.lamudi.com.ph/buy/cavite/general-trias/2-bedroom-unit-in-westwind-at-lancaster-new-city-g-171939498260/
CD65C977E8165FDPH,WESTWIND AT LANCASTER NEW CITY,3,2,1,0,1,1,1,1,0,https://www.lamudi.com.ph/buy/cavite/general-trias/for-sale-3-bedroom-unit-in-westwind-at-lancaster-n-170770224826/
CD5C8B85B8E3D00PH,TAGAYTAY PRIME RESIDENCES,1,1,2,2,2,1,1,2,4,https://www.lamudi.com.ph/projects/tagaytay-prime-residences/tagaytay-brand-new-one-bedroom-condo-overlooking-t-170321134574/
CD6568299315D44PH,SERIN EAST TAGAYTAY,1,1,0,2,1,1,0,1,1,https://www.lamudi.com.ph/buy/cavite/tagaytay/tagaytay-serin-east-1-bedroom-with-balcony-172249040742/
CD65C9AE5E1DAFEPH,WIND RESIDENCES,1,1,0,2,1,1,1,2,1,https://www.lamudi.com.ph/projects/wind-residences/rush-sale-wind-residences-tagaytay-1-bedroom-171637612948/
CD64245BA67E85DPH,COOL SUITES AT WIND RESIDENCES,1,1,2,2,1,1,1,0,1,https://www.lamudi.com.ph/projects/cool-suites-at-wind-residences/tagaytay-condominium-studio-type-ready-to-move-in-171760202564/
CD641C7E451D9BEPH,ONE LANCASTER PARK,2,1,1,1,1,1,1,2,2,https://www.lamudi.com.ph/projects/one-lancaster-park/condominium-for-sale-2-bedroom-with-balcony-one-la-167958893362/
CD5FB73F3C7F81BPH,TAGAYTAY PRIME RESIDENCES,1,1,0,1,1,1,1,2,2,https://www.lamudi.com.ph/projects/tagaytay-prime-residences/2-7m-tagaytay-condo-available-17152607185/
CD669E7E7572CADPH,WIND RESIDENCES,1,1,2,2,2,1,1,0,1,https://www.lamudi.com.ph/buy/cavite/tagaytay/tagaytay-condominium-for-sale-172166309374/
CD6641EA0BA54B6PH,PINE SUITES TAGAYTAY,1,0,0,0,0,0,0,0,0,https://www.lamudi.com.ph/buy/cavite/tagaytay/msg-15-1085-pine-suites-tagaytay-maitim-2nd-west-t-171559578727/
CD6641EA0D109FCPH,PINE SUITES TAGAYTAY,1,0,0,0,0,0,0,0,0,https://www.lamudi.com.ph/buy/cavite/tagaytay/msg-15-1086-pine-suites-tagaytay-maitim-2nd-west-t-171559578924/
CD664448D13583APH,ALPINE VILLAS,1,0,0,0,1,0,0,0,0,https://www.lamudi.com.ph/projects/alpine-villas/pre-owned-condo-unit-for-sale-in-crosswinds-tagayt-17157511212/
CD663E49040F411PH,ALTA MONTE LEISURE SUITES-NORTH,3,3,0,0,1,1,0,1,0,https://www.lamudi.com.ph/projects/alta-monte-leisure-suites-north/mezzanine-type-3br-condo-unit-for-sale-in-tagaytay-171535795627/
CD664D60F98DF0APH,THE WELLINGTON COURTYARD,2,0,0,0,0,1,0,1,0,https://www.lamudi.com.ph/projects/the-wellington-courtyard/condo-unit-for-sale-in-tagaytay-city-mc-17163471291/
CD64842A423A489PH,THE WOODRIDGE AT TAGAYTAY HIGHLANDS,2,1,0,0,0,1,0,0,1,https://www.lamudi.com.ph/projects/the-woodridge-at-tagaytay-highlands/2-bedroom-unit-with-parking-for-sale-in-tagaytay-h-168785942213/
CD666C5FA774F65PH,SERIN EAST TAGAYTAY,1,1,1,3,1,1,1,1,3,https://www.lamudi.com.ph/buy/cavite/tagaytay/pre-selling-resort-inspired-executive-studio-condo-171837840752/
CD65D30A9CC97BAPH,WIND RESIDENCES,1,0,0,0,0,1,0,0,0,https://www.lamudi.com.ph/projects/wind-residences/msg-08-1860-wind-residences-tagaytay-foreclosed-co-17141212498/
CD664447E91551FPH,THE WELLINGTON COURTYARD,2,0,0,0,1,0,0,0,0,https://www.lamudi.com.ph/projects/the-wellington-courtyard/pre-owned-condo-unit-for-sale-in-tagaytay-city-mc-171575088935/
CD6667E87871D20PH,LEISURE SUITES,2,0,0,0,0,1,0,0,0,https://www.lamudi.com.ph/buy/cavite/tagaytay/condo-unit-for-sale-in-tagaytay-city-leisure-suite-171808575229/
CD6655BD3BCD4D9PH,SERIN WEST TAGAYTAY,1,1,2,2,2,1,1,2,4,https://www.lamudi.com.ph/buy/cavite/tagaytay/tagaytay-1-bedroom-with-balcony-corner-unit-top-fl-171689503569/
CD6655C172828CAPH,SERIN WEST TAGAYTAY,1,1,2,2,1,1,1,1,4,https://www.lamudi.com.ph/buy/cavite/tagaytay/20k-monthly-tagaytay-exec-studio-with-balcony-for-171792335224/
CD667A659AB3FC5PH,THE WELLINGTON COURTYARD,2,0,0,0,1,1,0,1,0,https://www.lamudi.com.ph/buy/cavite/tagaytay/pre-owned-condo-unit-for-sale-in-tagaytay-city-mc-17192974341/
CD665061507A0E0PH,GREEN 2 RESIDENCES,2,1,0,1,1,1,1,2,0,https://www.lamudi.com.ph/buy/cavite/dasmarinas/2br-end-condo-unit-for-sale-at-smdc-green-2-reside-171654382461/
CD65805CA2CF5EFPH,KASA LUNTIAN,1,1,0,0,0,1,0,0,0,https://www.lamudi.com.ph/projects/kasa-luntian-1/tagaytay-condo-unit-for-sale-in-medium-rise-ayala-17030689508/
CD6656CD1C8E81DPH,ALPINE VILLAS,1,1,2,2,1,1,1,2,4,https://www.lamudi.com.ph/buy/cavite/tagaytay/1-bedroom-condominium-unit-for-sale-in-alpine-vill-17169646369/
CD621357F795B6DPH,WIND RESIDENCES,1,1,1,1,1,1,0,1,0,https://www.lamudi.com.ph/projects/wind-residences/one-bedroom-condo-unit-for-sale-at-sm-wind-residences-tagaytay/
CD669756FB26E49PH,THE WELLINGTON COURTYARD,2,0,0,0,0,1,0,0,0,https://www.lamudi.com.ph/buy/cavite/tagaytay/pre-owned-condo-unit-for-sale-in-tagaytay-city-mc-172119423552/
CD6697540F5C51BPH,ALPINE VILLAS,1,0,0,0,0,1,0,0,0,https://www.lamudi.com.ph/buy/cavite/tagaytay/pre-owned-condo-unit-for-sale-in-crosswinds-tagayt-172119348719/
CD668BEF0F7CF9FPH,SENTRIA STOREYS VERMOSA,1,1,2,2,1,1,1,2,3,https://www.lamudi.com.ph/buy/cavite/imus/pre-selling-mid-rise-1-br-condo-w-balcony-sentria-172169481870/
CD65BCB06310188PH,FORA ROTUNDA TAGAYTAY,1,1,2,0,1,1,1,2,4,https://www.lamudi.com.ph/projects/fora-rotunda-tagaytay/condotel-in-quest-hotel-tagaytay-near-fora-mall-ro-170712843892/
CD641C1344B74B5PH,THE WOODRIDGE AT TAGAYTAY HIGHLANDS,3,4,2,3,2,1,1,2,3,https://www.lamudi.com.ph/projects/the-woodridge-at-tagaytay-highlands/tagaytay-highlands-3-bedroom-condo-the-woodrirde-s-169379990555/
CD66627163CCA5EPH,TERRACES AT TRADIZO,1,1,1,0,1,1,0,0,2,https://www.lamudi.com.ph/buy/cavite/imus/30k-cash-out-lang-may-condo-unit-kana-located-at-i-171772758744/
CD6617A0DB94E8EPH,SCANDIA SUITES,1,1,0,0,1,1,0,0,0,https://www.lamudi.com.ph/projects/scandia-suites/scandia-suites-south-forbes-1br-unit-for-sale-in-s-171282453914/
CD6641EA11079AAPH,PINE SUITES TAGAYTAY,1,0,0,0,0,0,0,0,0,https://www.lamudi.com.ph/buy/cavite/tagaytay/msg-15-1084-pine-suites-tagaytay-maitim-2nd-west-t-171559579345/
CD6641EA0E8F455PH,PINE SUITES TAGAYTAY,1,0,0,0,0,0,0,0,0,https://www.lamudi.com.ph/buy/cavite/tagaytay/msg-15-1087-pine-suites-tagaytay-maitim-2nd-west-t-171559579018/
